gender,course_completed,user_count,pct_within_gender
Female,No,224,56.700000000000
Female,Yes,171,43.300000000000
Male,No,188,49.000000000000
Male,Yes,196,51.000000000000
Other,No,207,53.900000000000
Other,Yes,177,46.100000000000
